Company,Address,BE,RSS Feed URL
Barco,"President Kennedypark 35, 8500 Kortrijk, Belgium",BE 0473.191.041,https://news.google.com/rss/search?q=%22Barco%22+(Belgium OR Luxembourg OR Bruxelles OR Anderlecht OR Zaventem OR Betzdorf)+(innovation OR HR OR production OR business OR strategy OR leadership OR sustainability OR ESG OR digital transformation OR AI OR mergers OR acquisitions OR finance OR operations OR supply chain OR management)&hl=fr&gl=BE&ceid=BE:fr
SES,"Chat. de Betzdorf L-6815 Betzdorf, Luxembourg",,https://news.google.com/rss/search?q=%22SES%22+(Belgium OR Luxembourg OR Bruxelles OR Anderlecht OR Zaventem OR Betzdorf)+(innovation OR HR OR production OR business OR strategy OR leadership OR sustainability OR ESG OR digital transformation OR AI OR mergers OR acquisitions OR finance OR operations OR supply chain OR management)&hl=fr&gl=LU&ceid=LU:fr
Danone Belux,"Werkhuizenkaai 159-160, 1000 Brussel, Belgium",BE 0400.774.801,https://news.google.com/rss/search?q=%22Danone+Belux%22+(Belgium OR Luxembourg OR Bruxelles OR Anderlecht OR Zaventem OR Betzdorf)+(innovation OR HR OR production OR business OR strategy OR leadership OR sustainability OR ESG OR digital transformation OR AI OR mergers OR acquisitions OR finance OR operations OR supply chain OR management)&hl=fr&gl=BE&ceid=BE:fr
Total,"Anspachlaan 1/2, 1000 Brussel, Belgium",BE 0403.063.902,https://news.google.com/rss/search?q=%22Total%22+(Belgium OR Luxembourg OR Bruxelles OR Anderlecht OR Zaventem OR Betzdorf)+(innovation OR HR OR production OR business OR strategy OR leadership OR sustainability OR ESG OR digital transformation OR AI OR mergers OR acquisitions OR finance OR operations OR supply chain OR management)&hl=fr&gl=BE&ceid=BE:fr
Arval,"Ikaroslaan 99, 1930 Zaventem, Belgium",BE 0436.781.102,https://news.google.com/rss/search?q=%22Arval%22+(Belgium OR Luxembourg OR Bruxelles OR Anderlecht OR Zaventem OR Betzdorf)+(innovation OR HR OR production OR business OR strategy OR leadership OR sustainability OR ESG OR digital transformation OR AI OR mergers OR acquisitions OR finance OR operations OR supply chain OR management)&hl=fr&gl=BE&ceid=BE:fr
Coca Cola,"Bergense Steenweg 1424, 1070 Anderlecht, Belgium",BE 0425.071.420,https://news.google.com/rss/search?q=%22Coca+Cola%22+(Belgium OR Luxembourg OR Bruxelles OR Anderlecht OR Zaventem OR Betzdorf)+(innovation OR HR OR production OR business OR strategy OR leadership OR sustainability OR ESG OR digital transformation OR AI OR mergers OR acquisitions OR finance OR operations OR supply chain OR management)&hl=fr&gl=BE&ceid=BE:fr
Toyota,"Bourgetlaan 60, 1140 Brussels, Belgium",BE 0441.571.714,https://news.google.com/rss/search?q=%22Toyota%22+(Belgium OR Luxembourg OR Bruxelles OR Anderlecht OR Zaventem OR Betzdorf)+(innovation OR HR OR production OR business OR strategy OR leadership OR sustainability OR ESG OR digital transformation OR AI OR mergers OR acquisitions OR finance OR operations OR supply chain OR management)&hl=fr&gl=BE&ceid=BE:fr
